update,steps,train_util,pi_loss,v_loss,entropy,kl,clip_frac,eval_util,minutes
1,1024,0.6034937739463602,-0.0019781098526436836,0.18558296095579863,0.21856451407074928,0.004669343514251523,0.048583984375,,0.05955001513163249
2,2048,0.5939666666666666,-0.002450289117405191,0.22645601350814104,0.18480862490832806,0.007985522563103586,0.028076171875,,0.11560337940851848
3,3072,0.5924388888888888,-0.002334896329557523,0.10035461885854602,0.1999635472893715,0.004141745899687521,0.037353515625,,0.1684861977895101
4,4096,0.6054861111111111,-0.0025631402822909877,0.11346597271040082,0.2050574105232954,0.009013098380819429,0.046875,,0.2226029396057129
5,5120,0.5907916666666666,-0.0021776550565846264,0.1569284563884139,0.24177868850529194,0.007988981757080182,0.046875,,0.2757957379023234
6,6144,0.5883486111111111,-0.0002268670650664717,0.17132984567433596,0.19788777269423008,0.0011136288521811366,0.0302734375,,0.3265696406364441
7,7168,0.6259083333333333,0.0003751356707653031,0.09679389046505094,0.20702244341373444,0.0027900370478164405,0.03466796875,,0.37798544963200886
8,8192,0.6425722222222222,0.0002958303812192753,0.11020128428936005,0.22284090612083673,0.0005769427225459367,0.022705078125,,0.43273985385894775
9,9216,0.6282458333333334,0.0004675841482821852,0.11392418062314391,0.21214467845857143,0.002749002040218329,0.029296875,,0.4841990987459818
10,10240,0.6160152777777778,-0.006629579231230309,0.1599003840237856,0.23794602137058973,0.01167580952460412,0.072021484375,,0.5371800700823466
11,11264,0.6087263888888889,-0.0014216990966815501,0.15630492940545082,0.2382575562223792,0.0019384079205337912,0.03271484375,,0.5894305586814881
12,12288,0.5959333333333333,0.000522696238476783,0.1587228705175221,0.25087996665388346,0.0068965421814937145,0.04541015625,,0.6467329382896423
13,13312,0.602113888888889,-0.0028525612433440983,0.14110460877418518,0.28560724295675755,0.004569487733533606,0.039794921875,,0.7073570092519125
14,14336,0.6040430555555556,0.0009740517125464976,0.10573330475017428,0.2762303203344345,0.0012722475294140168,0.03515625,,0.7589240988095601
15,15360,0.6139625,-0.0011306378873996437,0.20457830373197794,0.26566757820546627,0.0003907059581251815,0.035400390625,,0.8212390542030334
16,16384,0.6271388888888889,-0.0016390208329539746,0.12433625059202313,0.26270527578890324,0.002776633918983862,0.02490234375,,0.8748760223388672
17,17408,0.6092958333333334,-0.0016523710801266134,0.13482054648920894,0.2558164382353425,0.008328141921083443,0.052001953125,,0.933703072865804
18,18432,0.6212388888888889,-0.0018453485681675375,0.17485902644693851,0.26659310795366764,0.0008644765694043599,0.03125,,0.9881902217864991
19,19456,0.6207416666666667,-0.0007717250555288047,0.09913994185626507,0.3543210793286562,0.00048550836800131947,0.03125,,1.0427496751149496
20,20480,0.6132166666666666,-0.003089781093876809,0.1397071317769587,0.3060388993471861,0.0024668577971169725,0.036376953125,0.5764670138888889,1.102190379301707
21,21504,0.6229444444444445,-0.003414694278035313,0.0972931757569313,0.34076954424381256,0.0023289589444175363,0.02197265625,,1.2361247618993123
22,22528,0.6168805555555555,0.0008024647686397657,0.2309088846668601,0.37626319751143456,0.00719147345807869,0.065673828125,,1.2891538341840107
23,23552,0.6020541666666667,-0.0008951902855187654,0.18611994432285428,0.34692862816154957,0.0048136884870473295,0.07373046875,,1.3431689302126566
24,24576,0.5901555555555555,-0.0011678716546157375,0.10504973912611604,0.3857469242066145,0.0018358390661887825,0.0419921875,,1.3940544684727987
25,25600,0.6174333333333334,-0.005341693293303251,0.09457474481314421,0.30808693170547485,0.004825533120310865,0.0791015625,,1.4533069491386414
26,26624,0.5879347222222222,-0.001862454300862737,0.15065852459520102,0.36070594005286694,0.003098041532211937,0.043701171875,,1.5082024057706198
27,27648,0.5835111111111111,-0.0027238668117206544,0.1003724206238985,0.33933174051344395,0.0004326067282818258,0.048095703125,,1.5602262576421102
28,28672,0.6364638888888888,-0.0004507348930928856,0.1620707893744111,0.36792960204184055,0.003030530464457115,0.029541015625,,1.6153968095779419
29,29696,0.6042444444444444,-0.001990793098229915,0.1372590595856309,0.39013157971203327,0.004151663742959499,0.039794921875,,1.670250149567922
30,30720,0.5990347222222223,-0.004537463741144165,0.13775582006201148,0.318211043253541,0.0017284233181271702,0.040283203125,,1.7255996545155843
31,31744,0.6203458333333333,-0.0018472268129698932,0.07696176180616021,0.40491567365825176,0.006568694276211318,0.039306640625,,1.7821749726931253
32,32768,0.5939402777777778,-0.004129617154831067,0.22035964392125607,0.306683661416173,0.005097448447486386,0.0283203125,,1.8368240396181743
33,33792,0.5824180555555555,-0.0002593716490082443,0.14544227998703718,0.3250069357454777,0.004137256735702977,0.0263671875,,1.892781392733256
34,34816,0.5900083333333334,-0.0016440558683825657,0.15519673191010952,0.3102882783859968,0.0018312653119210154,0.028076171875,,1.9381205876668295
35,35840,0.5940791666666666,-0.0019457093148957938,0.16694154310971498,0.2856847234070301,0.005660146554873791,0.02783203125,,1.9913755853970845
36,36864,0.6117861111111111,-0.0020401526417117566,0.12667003273963928,0.31041374057531357,0.00048598662033327855,0.0078125,,2.0439061482747394
37,37888,0.6238305555555556,-0.0021423428261186928,0.13966589467599988,0.2988818548619747,0.005006823987059761,0.03955078125,,2.0962281664212545
38,38912,0.625926388888889,-0.0037145990936551243,0.12261863658204675,0.2965250741690397,0.00299973489381955,0.02685546875,,2.148115046819051
39,39936,0.6180305555555555,-0.00323540810495615,0.1717970222234726,0.258947697468102,0.002327137888642028,0.033203125,,2.2001253763834634
40,40960,0.5923638888888889,-0.0021416252420749515,0.16351295728236437,0.29692860692739487,0.002945475120213814,0.03515625,0.5882747395833333,2.254176127910614
41,41984,0.5986194444444444,-0.002973125665448606,0.10611621430143714,0.32579528726637363,0.0027177266565558966,0.023193359375,,2.383886996905009
42,43008,0.6199847222222222,-0.0009397304092999548,0.12745359912514687,0.275220044888556,0.0014440976337937173,0.01318359375,,2.4394843856493633
43,44032,0.6100986111111111,-0.001541071484098211,0.20329992845654488,0.2790945330634713,0.0011228888251935132,0.0361328125,,2.4864508708318076
44,45056,0.6042222222222223,-0.0009803339198697358,0.13433783780783415,0.287034684792161,0.001998517795072985,0.02392578125,,2.536019444465637
45,46080,0.5849194444444445,-0.001848169369623065,0.1409059609286487,0.3016409408301115,0.004668159239372471,0.050537109375,,2.5862119873364766
46,47104,0.5876013888888889,6.983558705542237e-05,0.23551085125654936,0.2594862477853894,0.0043199844876653515,0.025146484375,,2.6365074197451275
47,48128,0.6086902777777777,-0.0005771436990471557,0.0907102944329381,0.2827575486153364,0.0026834513773792423,0.0146484375,,2.6924014409383137
48,49152,0.6321083333333334,-0.001033912893035449,0.1405621417798102,0.2665616041049361,0.0008549717313144356,0.0205078125,,2.7439511458079022
49,50176,0.6154680555555556,-0.0015320397506002337,0.16698714904487133,0.3210400752723217,0.00041840612357191276,0.025146484375,,2.7990740736325583
50,51200,0.6272611111111112,-0.0030189717654138803,0.0953295761719346,0.27909319289028645,0.0031986205012799473,0.018798828125,,2.8553863525390626
51,52224,0.6089361111111111,-0.002318651881068945,0.15093498025089502,0.2902682516723871,0.0054359420100809075,0.035888671875,,2.899133511384328
52,53248,0.603298611111111,-0.0023451903980458155,0.1511979540809989,0.2789565846323967,0.002649370831932174,0.01318359375,,2.950117063522339
53,54272,0.6477291666666667,-0.003506585693685338,0.10930935200303793,0.265096633695066,0.001187677817142685,0.029052734375,,3.0032564043998717
54,55296,0.6446597222222222,-0.0004023048823000863,0.0818631793372333,0.2381289778277278,0.0002213347797805909,0.012939453125,,3.0543467521667482
55,56320,0.6306097222222222,-0.00391902809496969,0.11116786068305373,0.2596731837838888,0.003267575622885488,0.031494140625,,3.102488187948863
56,57344,0.6065041666666667,-0.005169414624106139,0.12597534153610468,0.28969055879861116,0.007714132745604729,0.05322265625,,3.155522322654724
57,58368,0.6158013888888889,-0.0026591003115754575,0.13227596692740917,0.3098418712615967,0.008914542075217469,0.053955078125,,3.2050504247347513
58,59392,0.6198583333333334,-0.0018727382994256914,0.18001067731529474,0.41321220993995667,0.0035591335617937148,0.044921875,,3.254177717367808
59,60416,0.601826388888889,-0.0011518920364324003,0.16380941728129983,0.32849193178117275,0.0004375008284114301,0.025390625,,3.3045054634412128
60,61440,0.5863027777777777,-0.0014443150430452079,0.18359193205833435,0.29181457310914993,0.00311628737472347,0.026123046875,0.5808420138888889,3.3509709080060324
61,62464,0.5939416666666667,-0.003233010560506955,0.13042463548481464,0.3139303047209978,-0.0008242151634476613,0.036865234375,,3.49114541610082
62,63488,0.6193402777777779,-0.0026604892627801746,0.11922635976225138,0.34311877004802227,0.0012786560546373948,0.030517578125,,3.541689650217692
63,64512,0.6196861111111112,-0.0021153040579520166,0.10577556770294905,0.3175212386995554,0.002319543265912216,0.0302734375,,3.598460896809896
64,65536,0.610701388888889,-0.0014725718647241592,0.10237202141433954,0.2932073064148426,0.006043712814062019,0.02294921875,,3.6480982820192973
65,66560,0.6041916666666666,-0.0006443025631597266,0.19682987220585346,0.3241972792893648,0.0019651907132356428,0.025390625,,3.696410298347473
66,67584,0.6154361111111111,-0.003216512210201472,0.09634188003838062,0.32041097432374954,0.005268444778266712,0.04443359375,,3.751221549510956
67,68608,0.6323291666666667,-0.0016186464636120945,0.09449157491326332,0.3366612996906042,0.0016309700586134568,0.026123046875,,3.8047603487968447
68,69632,0.6156097222222222,-0.00325827716733329,0.16288963751867414,0.2955996133387089,0.0024084969045361504,0.04931640625,,3.8627478957176207
69,70656,0.6003930555555556,-0.005581188219366595,0.1491397530771792,0.3617415763437748,0.005419957204139791,0.0576171875,,3.927456565697988
70,71680,0.6014458333333333,-0.0010774872498586774,0.1470392281189561,0.28875691816210747,0.004454065699974308,0.0361328125,,3.989805805683136
71,72704,0.6011124999999999,-0.001971484743990004,0.13995923148468137,0.2847356554120779,0.002343527682569402,0.04443359375,,4.04054293235143
72,73728,0.5836527777777778,-0.0002894127683248371,0.17900194320827723,0.30263572186231613,0.0036429989122552797,0.032958984375,,4.0890949686368305
73,74752,0.6053124999999999,-0.0024883215373847634,0.14648028276860714,0.28434972651302814,-0.0001098391403502319,0.01171875,,4.144757644335429
74,75776,0.6387236111111111,-0.0006780030089430511,0.12193850707262754,0.24308185745030642,-0.0002170228399336338,0.025390625,,4.200263158480326
75,76800,0.6280305555555556,-0.00208934789407067,0.1365570263005793,0.259479608386755,0.0004896264726994559,0.025390625,,4.252855229377746
76,77824,0.6131097222222222,-0.003843195445369929,0.1330375364050269,0.2500839689746499,0.0006900739681441337,0.03076171875,,4.301651259263356
77,78848,0.6152902777777778,0.0003640135400928557,0.1829497329890728,0.235076573677361,0.010311254489351995,0.047607421875,,4.358631153901418
78,79872,0.6294208333333333,-0.0006803104188293219,0.1597212953492999,0.2509152889251709,0.004007043808087474,0.042236328125,,4.417496224244435
79,80896,0.6216833333333333,-0.0016412800032412633,0.11060202773660421,0.2489597611129284,0.016276084861601703,0.064208984375,,4.478218154112498
80,81920,0.6188111111111112,-0.0019786478369496763,0.0950917350128293,0.2410631189122796,0.004358555226644967,0.04638671875,0.5891341145833333,4.530522477626801
81,82944,0.6145499999999999,-0.0005912699270993471,0.11537474626675248,0.23537546582520008,0.0012965846181032248,0.0126953125,,4.667440621058146
82,83968,0.6320708333333334,-0.000896491517778486,0.11787229590117931,0.21976939495652914,-0.0021228223922662437,0.021484375,,4.719596560796102
83,84992,0.6293930555555556,-0.0004440317425178364,0.1411604187451303,0.22371813654899597,0.0011104668756161118,0.01318359375,,4.773349781831105
84,86016,0.62145,-0.0027383897977415472,0.16729092691093683,0.2145882910117507,0.006526943878270686,0.046142578125,,4.826574985186259
85,87040,0.6253625,-0.0011562664876691997,0.08727178396657109,0.23540610074996948,0.005137959204148501,0.0283203125,,4.879380393028259
86,88064,0.6544541666666668,-0.00038564093119930476,0.08758316561579704,0.1975834770128131,0.002000439813855337,0.025390625,,4.932369955380758
87,89088,0.6446555555555555,-0.0025735804811120033,0.10269193723797798,0.2496279152110219,0.0018977458894369192,0.02392578125,,4.988973832130432
88,90112,0.5974027777777778,-0.0012755615025525913,0.214153453707695,0.2630370585247874,0.003680863112094812,0.040771484375,,5.048224254449209
89,91136,0.6026944444444444,-0.0018319011142011732,0.09111241158097982,0.24031530506908894,0.007275468771695159,0.050048828125,,5.103792671362559
90,92160,0.6239541666666666,-0.001961992253200151,0.09638604847714305,0.23308655805885792,0.0007060774660203606,0.014404296875,,5.158049368858338
91,93184,0.6428347222222222,-0.0015151554252952337,0.09490705328062177,0.2130609406158328,0.0010436074444442056,0.018310546875,,5.209771219889323
92,94208,0.6106777777777778,-0.001672834245255217,0.209330091252923,0.21835023537278175,0.00023984903964446858,0.019287109375,,5.264164412021637
93,95232,0.6010541666666667,-0.002057065983535722,0.2068075556308031,0.2817359836772084,0.008661348605528474,0.037109375,,5.315520974000295
94,96256,0.6214152777777778,-0.002553140977397561,0.08708017598837614,0.19807509798556566,0.00293581267396803,0.037841796875,,5.368324307600657
95,97280,0.6285041666666666,-0.0012077377759851515,0.08519046939909458,0.2748084533959627,0.0027472719266370405,0.01806640625,,5.4243512908617655
96,98304,0.6225986111111111,-0.0009233415767084807,0.059047956485301256,0.24837923608720303,0.006818409186962526,0.03515625,,5.490022710959116
97,99328,0.6238736111111112,-0.0018796725780703127,0.06920364429242909,0.23757419176399708,0.00339136823095032,0.029541015625,,5.543116982777914
98,100352,0.6154708333333333,-0.0013874164433218539,0.1073323036544025,0.2149818642064929,-0.001051068029482849,0.024658203125,,5.597254224618276
99,101376,0.6155083333333333,0.0009521111496724188,0.09450931428000331,0.27673096396028996,0.0019008589733857661,0.039794921875,,5.646741628646851
100,102400,0.6239805555555555,-0.000852906407089904,0.1265925383195281,0.25755390152335167,0.005403277507866733,0.04443359375,0.5771744791666666,5.696222805976868
101,103424,0.6258986111111111,-0.0016954718594206497,0.09336394350975752,0.22087231185287237,0.0015088028212630888,0.0126953125,,5.82769478559494
102,104448,0.6344986111111112,-0.003061726616579108,0.08160285744816065,0.2757096607238054,0.006753379486326594,0.0419921875,,5.883072785536448
103,105472,0.6401013888888889,-0.0005682474002242088,0.08709386736154556,0.26670509297400713,0.0005872581095900387,0.010986328125,,5.938775928815206
104,106496,0.6250027777777778,-0.0012555644498206675,0.10376212652772665,0.25270792469382286,-0.0009740780224092305,0.03271484375,,5.99225347439448
105,107520,0.6131888888888889,-0.0020851570297963917,0.09693421144038439,0.2762515898793936,-0.0006909496514708735,0.0283203125,,6.044106030464173
106,108544,0.6058749999999999,0.00013266631867736578,0.11246033431962132,0.24465341120958328,0.001532821828732267,0.0322265625,,6.094675099849701
107,109568,0.6194097222222221,-0.0029149663605494425,0.09306500991806388,0.22811303939670324,0.0009999961184803396,0.02294921875,,6.147388617197673
108,110592,0.6407583333333333,-0.0018867529288399965,0.07634140038862824,0.23865989968180656,0.0017099485048674978,0.014892578125,,6.197093590100606
109,111616,0.6377333333333334,-0.0008282631024485454,0.11673776572570205,0.24007517006248236,0.0009184748487314209,0.006591796875,,6.250006155172984
110,112640,0.630838888888889,-0.0009270365408156067,0.10480094980448484,0.21843370888382196,0.001193005606182851,0.026611328125,,6.303459652264913
111,113664,0.6236444444444446,-0.0037624628166668117,0.12482854025438428,0.2174370437860489,0.009323094367573503,0.055908203125,,6.355176695187887
112,114688,0.6150861111111111,-0.00217188878741581,0.11629896378144622,0.24434817302972078,0.0013970058571430854,0.023193359375,,6.402243292331695
113,115712,0.6195194444444444,0.0003363186551723629,0.13677646545693278,0.25781428534537554,0.003294232374173589,0.042724609375,,6.454768431186676
114,116736,0.6299569444444445,-0.0020067749137524515,0.1688104160130024,0.23701244592666626,0.00029356848972383887,0.015625,,6.506149311860402
115,117760,0.6059361111111111,-0.0031748819164931774,0.1345614013262093,0.29089045710861683,0.0097223040429526,0.064697265625,,6.554448147614797
116,118784,0.5961208333333333,0.00036022288259118795,0.16412759944796562,0.2899499535560608,0.0037799450547026936,0.031982421875,,6.605677874883016
117,119808,0.6064125,-0.0028977365291211754,0.1211848626844585,0.28066999837756157,0.002623941625643056,0.02294921875,,6.657873996098837
118,120832,0.6404097222222224,-0.003369279729668051,0.10654307343065739,0.24105314537882805,0.007426081683661323,0.030517578125,,6.706741507848104
119,121856,0.6466055555555557,-0.0015868678747210652,0.07603886863216758,0.26300804503262043,0.00416444131769822,0.033203125,,6.763839340209961
120,122880,0.635361111111111,-0.0006945993955014274,0.07566588465124369,0.29170393012464046,0.001531960086140316,0.013427734375,0.5824891493055556,6.814812990029653
121,123904,0.6234625,-0.004160920885624364,0.130357610527426,0.2583692753687501,0.010516325441130903,0.057861328125,,6.946794025103251
122,124928,0.6117708333333334,-0.0018424958107061684,0.20843270421028137,0.27014069724828005,-0.002261278379592113,0.026611328125,,6.99932769536972
123,125952,0.6117041666666667,-0.0017799739871406928,0.0981082753278315,0.270731532946229,0.0007840708858566359,0.010009765625,,7.05064644018809
124,126976,0.6403416666666666,-0.0023282468755496666,0.09567068796604872,0.24564441479742527,0.005083765659946948,0.027587890625,,7.103907664616902
125,128000,0.6182652777777777,-0.002216848690295592,0.12962246220558882,0.28146322444081306,0.0035776413897110615,0.0302734375,,7.160187391440074
126,129024,0.6146597222222221,-0.0011146962933707982,0.10386277362704277,0.24324704054743052,0.0029351555422181264,0.024658203125,,7.211747368176778
127,130048,0.6050472222222222,-0.0006128847307991236,0.17708984669297934,0.26487428322434425,-0.000605292669206392,0.013427734375,,7.26335115035375
128,131072,0.60295,-0.003128217940684408,0.11108115175738931,0.25976596027612686,0.0017542869827593677,0.0361328125,,7.31898357073466
129,132096,0.6202888888888889,-0.0019992486049886793,0.09481659391894937,0.2549483757466078,0.005983312141324859,0.0322265625,,7.369897135098776
130,133120,0.6246375,-0.0027168653905391693,0.13695247331634164,0.2358930977061391,-0.0006904211550136097,0.033203125,,7.419589078426361
131,134144,0.6337458333333333,-0.0037944073555991054,0.07662615342997015,0.21341852564364672,0.002976688490889501,0.039794921875,,7.4781596382459
132,135168,0.6112166666666667,-0.0014875439228489995,0.21076526679098606,0.2296828692778945,0.0027881228452315554,0.041015625,,7.531108411153157
133,136192,0.606575,-0.0017234651022590697,0.11261263908818364,0.23918134346604347,0.0002194648768636398,0.012451171875,,7.581383216381073
134,137216,0.6351666666666665,-0.002311635500518605,0.1003899541683495,0.23992824275046587,0.0039017025410430506,0.029296875,,7.630337758858999
135,138240,0.6274916666666667,-0.0007878010801505297,0.136876093223691,0.21688307914882898,0.0001966486579476623,0.021728515625,,7.676145962874094
136,139264,0.6344222222222222,-0.0022148767311591655,0.1215365412645042,0.27080232836306095,0.0029877447377657518,0.026611328125,,7.725162974993387
137,140288,0.6077569444444444,-0.0010806975769810379,0.12915774947032332,0.24378029070794582,0.0013302192819537595,0.019775390625,,7.780128431320191
138,141312,0.6039986111111112,0.00033493815863039345,0.10384894302114844,0.2306034378707409,0.003016426180693088,0.01904296875,,7.832691792647044
139,142336,0.6297194444444445,-0.0012236032343935221,0.11642154585570097,0.27603200636804104,0.0045440074391081,0.026123046875,,7.8863048434257506
140,143360,0.6396097222222221,-0.0023738601594232023,0.0894564175978303,0.2770140655338764,0.000959835626417771,0.028076171875,0.6079644097222222,7.9384723941485085
141,144384,0.5973458333333334,-0.0022235372598515823,0.1546117989346385,0.24818231537938118,0.002075741758744698,0.011474609375,,8.066340017318726
142,145408,0.5917791666666666,-0.0021532048849621788,0.16593829449266195,0.2544624675065279,0.000856530197779648,0.027587890625,,8.118078303337096
143,146432,0.6167666666666667,-0.0009566572261974216,0.09101573750376701,0.21319097187370062,0.002556050824750855,0.009765625,,8.168774632612864
144,147456,0.6359527777777778,-0.002197561232605949,0.11006021732464433,0.23131516855210066,0.00024765791022218764,0.02734375,,8.224260532855988
145,148480,0.6150027777777778,-0.0016197874210774899,0.17367274407297373,0.18499266915023327,0.002151911554392427,0.011474609375,,8.274314506848652
146,149504,0.6034263888888889,-0.003097748151049018,0.15446090511977673,0.237263104878366,0.0029808371182298288,0.019287109375,,8.322919507821402
147,150528,0.5883833333333334,-0.0009105406061280519,0.10078307380899787,0.2411888800561428,0.0009100678544200491,0.020751953125,,8.369306818644207
148,151552,0.6088083333333334,-0.002150099055143073,0.09832255402579904,0.23504789359867573,0.005954695108812302,0.038818359375,,8.423597288131713
149,152576,0.6152555555555556,-0.00169537088368088,0.0720167737454176,0.24439753033220768,0.007466330862371251,0.023681640625,,8.477966940402984
150,153600,0.6131000000000001,-0.0025667734735179693,0.11994302738457918,0.2296985685825348,0.004720511511550285,0.020263671875,,8.529672423998514
151,154624,0.6144902777777778,-0.0022639524831902236,0.209928460419178,0.2196734556928277,0.005422100879513891,0.030517578125,,8.58399873971939
152,155648,0.6173124999999999,-0.0013400847237790003,0.12074635596945882,0.25168077927082777,0.0025651827309047803,0.021240234375,,8.637222770849863
153,156672,0.6030333333333333,-0.0019464540528133512,0.1352215032093227,0.25668408442288637,-0.0020240910816937685,0.025390625,,8.688709358374277
154,157696,0.6212152777777777,-0.0014490641187876463,0.10929069295525551,0.24911880306899548,0.0032106565340654925,0.025634765625,,8.740819215774536
155,158720,0.6420625,-0.0033132670650957152,0.11884451564401388,0.28912919387221336,0.002367237117141485,0.026123046875,,8.79548948208491
156,159744,0.5908291666666665,-0.0019273035286460072,0.174464987590909,0.2803144082427025,0.004610507909092121,0.031494140625,,8.846644357840221
157,160768,0.5941138888888888,-0.0023335630539804697,0.21670789178460836,0.259003353305161,0.0015270607618731447,0.02734375,,8.894109845161438
158,161792,0.6007805555555555,-0.0010268853511661291,0.1532255527563393,0.24512684158980846,0.0029815508314641193,0.02001953125,,8.942953606446585
159,162816,0.5863055555555555,-0.002347506204387173,0.16406966838985682,0.21949731931090355,0.0058145815892203245,0.03466796875,,8.990780560175578
160,163840,0.6092958333333333,-0.001765404362231493,0.15027617197483778,0.3149717468768358,0.00032054929761216044,0.0048828125,0.5843598090277778,9.043425762653351
161,164864,0.6290374999999999,-0.0028394123364705592,0.07548140897415578,0.2852138429880142,0.007416526790620992,0.03662109375,,9.179634090264639
162,165888,0.632375,-0.0027353490295354277,0.09411320881918073,0.3133991025388241,0.00655208011448849,0.038330078125,,9.230759151776631
163,166912,0.6231041666666667,-0.002860277716536075,0.11772710178047419,0.29088699258863926,0.0033299059359706007,0.037841796875,,9.285536817709605
164,167936,0.6228944444444445,-0.003787089663092047,0.12543106591328979,0.31079431995749474,0.002810546269756742,0.063720703125,,9.33339281876882
165,168960,0.6055333333333334,-0.002664952291524969,0.1393012097105384,0.3331812247633934,0.004670408983656671,0.028076171875,,9.383360580603282
166,169984,0.6095472222222221,-0.0008540881244698539,0.12931423587724566,0.2843519505113363,0.0016417058650404215,0.015625,,9.435152117411295
167,171008,0.6231874999999999,-0.0014690684038214386,0.1100194570608437,0.2969762869179249,0.0004922640582663007,0.030517578125,,9.490137306849162
168,172032,0.6323736111111111,-0.0029617236577905715,0.12251477967947721,0.3413464352488518,0.009041483270266326,0.0595703125,,9.542664388815561
169,173056,0.6125847222222222,-0.0016212241316679865,0.12860002601519227,0.2912513632327318,0.0018131008837372065,0.029052734375,,9.596515842278798
170,174080,0.6266097222222221,-0.001990251475945115,0.14466084772720933,0.2999855522066355,0.002867348892323207,0.022216796875,,9.646209808190664
171,175104,0.6426861111111112,-0.00075397445471026,0.10460528684780002,0.3039621440693736,0.0010331075700378278,0.01806640625,,9.695876137415569
172,176128,0.6269666666666667,0.0012428420304786414,0.07920837355777621,0.29224820993840694,0.002149203428416513,0.03125,,9.746382514635721
173,177152,0.6105083333333333,-0.0010561503877397627,0.14885400515049696,0.31167842261493206,0.0009086007739824709,0.024169921875,,9.793834646542868
174,178176,0.602598611111111,-0.0035380234476178885,0.10312584694474936,0.3110084142535925,0.0013047454776824452,0.03564453125,,9.844813887278239
175,179200,0.6205361111111111,-0.0026852504088310525,0.10009067039936781,0.26233346201479435,0.010755344443168724,0.05517578125,,9.896401842435202
176,180224,0.6292597222222223,0.0007020350603852421,0.10344776790589094,0.30072683840990067,0.0024639230177854188,0.019287109375,,9.950698788960775
177,181248,0.6108444444444444,-0.0018084898765664548,0.1349672065116465,0.2869072426110506,0.0009535898097965401,0.01806640625,,9.999459958076477
178,182272,0.5895777777777778,-0.001614325330592692,0.10038569383323193,0.3369907718151808,0.0013446815482893726,0.02099609375,,10.047267051537832
179,183296,0.5793333333333334,-0.001983957423362881,0.10565173346549273,0.29670701920986176,0.003346706373122288,0.0146484375,,10.095340851942698
180,184320,0.6089819444444444,-0.002261800502310507,0.0752407074905932,0.3783636186271906,0.007857832191803027,0.03857421875,0.5867708333333334,10.152545301119487
181,185344,0.6309624999999999,-0.001980748202186078,0.09727706341072917,0.35324019379913807,0.0013514746510736586,0.020751953125,,10.284872619311015
182,186368,0.6223694444444444,-0.0018068153294734657,0.09109949576668441,0.3113728426396847,-0.0005261760088615119,0.0087890625,,10.336470178763072
183,187392,0.6383708333333333,-0.00262783162179403,0.08736742055043578,0.2768277805298567,0.00037693558533646865,0.017822265625,,10.382850948969523
184,188416,0.6324319444444444,-0.0022822061728220433,0.10896343132480979,0.2906347867101431,0.009946522248355905,0.06494140625,,10.432714219888052
185,189440,0.6301125000000001,-0.0028506543894764036,0.12224142719060183,0.29819378070533276,0.0012166585947852582,0.023193359375,,10.485540020465852
186,190464,0.6089194444444445,-0.0027913702360820025,0.14620676543563604,0.3169361278414726,0.003299732838058844,0.01953125,,10.535424959659576
187,191488,0.6091319444444444,-0.0019871575641445816,0.11606504209339619,0.3277953080832958,0.003453500177784008,0.022216796875,,10.586263763904572
188,192512,0.6056208333333334,-0.0015668517153244466,0.16778570786118507,0.3188976813107729,0.0020755900186486542,0.020263671875,,10.63788237174352
189,193536,0.6148763888888888,-0.0025135250616585836,0.08620463823899627,0.32284328155219555,0.0033721203872119077,0.03076171875,,10.691509878635406
190,194560,0.5934694444444445,-0.0027662005741149187,0.1589846257120371,0.3196841087192297,0.002570873126387596,0.033203125,,10.737959245840708
191,195584,0.5941263888888888,-0.0038853101432323456,0.11183582665398717,0.3363358601927757,0.00602091450127773,0.0341796875,,10.791324134667715
192,196608,0.6197263888888889,-0.002857084386050701,0.1533928564749658,0.31287320144474506,0.00020536301235551946,0.02685546875,,10.84127860069275
193,197632,0.6291805555555555,-0.0019703057769220322,0.0965826865285635,0.3807936832308769,0.004525654185272288,0.023193359375,,10.889912819862365
194,198656,0.6382263888888889,-0.0023753979767207056,0.11800833931192756,0.3745563756674528,0.002582883902505273,0.021240234375,,10.939445193608602
195,199680,0.6294416666666666,-0.0018718485662247986,0.10264762723818421,0.374374195933342,0.007292965390661266,0.021484375,,10.985893980662029
196,200704,0.6167958333333333,-0.0009425742318853736,0.12725977040827274,0.3413174767047167,0.0017540120425110217,0.03564453125,,11.034207459290823
197,201728,0.6056305555555556,-0.003024558609467931,0.11913256580010056,0.34818850830197334,0.002652868241057149,0.031005859375,,11.082391746838887
198,202752,0.6304083333333333,-0.0033633760758675635,0.07749880570918322,0.37241283617913723,0.004119292781979311,0.02978515625,,11.134898300965627
199,203776,0.6431,-0.0013862370979040861,0.09198513138107955,0.3471175655722618,0.002637042170135828,0.031982421875,,11.187580259641011
200,204800,0.6183777777777779,-0.0009434144594706595,0.16826320253312588,0.3920927420258522,-0.0004258877888787538,0.02099609375,0.5920073784722222,11.235804279645285
201,205824,0.59855,-0.002075287571642548,0.13487467356026173,0.38819338753819466,0.0056577676950837485,0.0458984375,,11.364134828249613
202,206848,0.5948888888888889,-0.003386777389096096,0.127519722096622,0.39395289681851864,0.0043439645360194845,0.044189453125,,11.416719933350882
203,207872,0.6071986111111112,-0.0030846019508317113,0.11716804699972272,0.36136701330542564,-0.0005086546443635598,0.039794921875,,11.464473374684651
204,208896,0.6065569444444445,-0.001065486401785165,0.18158753216266632,0.37664966471493244,0.0016227602936851326,0.00390625,,11.508744899431864
205,209920,0.6027305555555555,-0.0023208884231280535,0.16180830728262663,0.3777813855558634,0.009446116448089015,0.05517578125,,11.556324605147044
206,210944,0.6049638888888889,-0.0020410984579939395,0.16240672394633293,0.2982590887695551,0.002763076809060294,0.02294921875,,11.603744475046794
207,211968,0.6249319444444444,-0.0020269959059078246,0.13454997446388006,0.29296048171818256,0.002169045343180187,0.0224609375,,11.651527186234793
208,212992,0.6002111111111111,-0.0013456141750793904,0.16685455664992332,0.34500414319336414,0.00039614640991203487,0.0029296875,,11.702436192830403
209,214016,0.6058749999999999,-0.0020077471272088587,0.09542187629267573,0.3220644388347864,-0.0005829935325891711,0.013427734375,,11.756134283542632
210,215040,0.6498930555555557,-0.0022182243992574513,0.10653747851029038,0.315951993688941,0.0036798883663777815,0.02734375,,11.805029050509136
211,216064,0.6306555555555555,-0.0017824985989136621,0.09773615654557943,0.3662401307374239,-0.0008546553799533285,0.0185546875,,11.855444633960724
212,217088,0.5892555555555555,-0.0023801878123776987,0.23312601912766695,0.40403588861227036,-0.0012460975558497012,0.033935546875,,11.906794039408366
213,218112,0.6066416666666666,-0.001145449568866752,0.14250056445598602,0.36402362026274204,0.0022441525288741104,0.017822265625,,11.952334860960642
214,219136,0.6222402777777777,-0.002003589557716623,0.17242694925516844,0.3195917960256338,0.003189980867318809,0.02197265625,,12.004110304514567
215,220160,0.6185722222222222,-0.00048029457684606314,0.10543075576424599,0.3064178582280874,0.0022422046749852598,0.014404296875,,12.0531436363856
216,221184,0.6327388888888889,-0.0020428642019396648,0.12746761599555612,0.32064264453947544,0.0010028673568740487,0.016357421875,,12.097938267389933
217,222208,0.6261736111111111,-0.0017290237301494926,0.1427101413719356,0.3135527204722166,0.0003755914731300436,0.010498046875,,12.146683073043823
218,223232,0.6003541666666666,-0.0014462140679825097,0.15255790250375867,0.3166569769382477,0.0040179298594011925,0.02685546875,,12.193941946824392
219,224256,0.5996875,-0.0028677780355792493,0.10686928126960993,0.32973300106823444,0.001833203717978904,0.03076171875,,12.24213753938675
220,225280,0.6182361111111112,-0.0012074090773239732,0.1172822224907577,0.3083560215309262,0.0028715211810776964,0.037109375,0.5734505208333334,12.286527415116629
221,226304,0.618163888888889,-0.00429315262590535,0.18311008345335722,0.3278603907674551,0.005173463592655025,0.052978515625,,12.422146566708882
222,227328,0.6228305555555556,-0.0020445375121198595,0.16174975410103798,0.35653938353061676,0.0020513522540568374,0.032958984375,,12.47531357606252
223,228352,0.6201388888888889,-0.002411053137620911,0.1478341855108738,0.34132315777242184,0.002807512260915246,0.031005859375,,12.521478807926178
224,229376,0.6327222222222223,-0.0023873384052421898,0.1095243040472269,0.34899416752159595,0.005489811332154204,0.028564453125,,12.572059313456217
225,230400,0.6312625,-0.0028514781733974814,0.15748713444918394,0.34701170213520527,0.0016085202805697918,0.010986328125,,12.621177073319753
226,231424,0.6195444444444446,-0.002023043023655191,0.14758883928880095,0.3464174419641495,0.0005622053286060691,0.022216796875,,12.669471164544424
227,232448,0.6058138888888889,-0.0011179719003848732,0.125717144459486,0.3289072383195162,0.0007354481022048276,0.01123046875,,12.723858479658762
228,233472,0.6060652777777779,-0.0031214290647767484,0.13298058649525046,0.33747388422489166,0.004257903332472779,0.028564453125,,12.770539689064027
229,234496,0.6122527777777778,-0.0021485151373781264,0.14677341282367706,0.2983550298959017,0.00226781331730308,0.0205078125,,12.824275155862173
230,235520,0.6142638888888888,-0.0016622130351606756,0.10248228814452887,0.3616042975336313,0.00116626404269482,0.0205078125,,12.87457577784856
231,236544,0.6261875,-0.0012288838042877614,0.0868320339359343,0.41202680952847004,0.00033943686867132783,0.00146484375,,12.931685034434
232,237568,0.6312291666666667,-0.0029609518533106893,0.10703367320820689,0.30767095647752285,0.002819364541210234,0.01904296875,,12.980561304092408
233,238592,0.6199749999999999,-0.0019810842350125313,0.09940853156149387,0.30910956487059593,0.002564015507232398,0.030517578125,,13.031097280979157
234,239616,0.6342097222222222,-0.0019704397418536246,0.0928530115634203,0.354415949434042,7.4416195275262e-05,0.019287109375,,13.083525184790293
235,240640,0.6311319444444444,-0.0017135998059529811,0.1205882104113698,0.33530062064528465,6.622976798098534e-06,0.010986328125,,13.137828743457794
236,241664,0.6368347222222223,-0.0016987766430247575,0.07319737994112074,0.31432361528277397,0.004722301178844646,0.021484375,,13.190414222081502
237,242688,0.6541569444444445,-0.0025132782757282257,0.08846806082874537,0.3277290780097246,-0.003133987047476694,0.021728515625,,13.240204727649688
238,243712,0.6228277777777776,-0.003695793799124658,0.10881252819672227,0.33644963428378105,0.0038379420730052516,0.02783203125,,13.288844935099284
239,244736,0.5992652777777778,-0.001575928705278784,0.14971781242638826,0.3125628959387541,0.0009594167422619648,0.020751953125,,13.338373001416524
240,245760,0.6259986111111111,-0.0006684508116450161,0.12894126353785396,0.31052769161760807,0.002285805305291433,0.014404296875,0.57169921875,13.387845706939697
241,246784,0.6155888888888889,-0.001446343565476127,0.1269828248769045,0.2889935374259949,0.001320460214628838,0.002685546875,,13.510365811983744
242,247808,0.6068597222222223,-0.003049507111427374,0.12444265466183424,0.31746508926153183,0.001358589499432128,0.02978515625,,13.559459376335145
243,248832,0.6200152777777778,-0.0022576143383048475,0.14127837540581822,0.3603894207626581,0.001752999181917403,0.016845703125,,13.617233713467916
244,249856,0.6299625,-0.002361158316489309,0.14694536989554763,0.3609594311565161,0.0022526756511069834,0.014404296875,,13.664342093467713
245,250880,0.6346694444444444,-0.0019696791714522988,0.14960068184882402,0.3565745297819376,0.0015611566705047153,0.010986328125,,13.71807131767273
246,251904,0.6226875000000001,-0.0010596644715406,0.1850673072040081,0.3104461170732975,-7.306862971745431e-05,0.004150390625,,13.766213556130728
247,252928,0.6191347222222222,-0.0015678562631364912,0.11355436453595757,0.32412278838455677,0.002186549965699669,0.015869140625,,13.826091583569845
248,253952,0.6183847222222222,-0.0015175618027569726,0.14372384967282414,0.3256226126104593,-0.0015808956231921911,0.01171875,,13.872136974334717
249,254976,0.6135763888888889,-0.002927310415543616,0.130090297665447,0.3265694733709097,0.004889009956968948,0.03857421875,,13.927721099058788
250,256000,0.6210388888888889,-0.001353198429569602,0.10061369137838483,0.3165381271392107,0.0034884977794717997,0.013916015625,,13.97700245777766
251,257024,0.6238611111111111,-0.001291938271606341,0.1390823028050363,0.35223996080458164,0.001002919118036516,0.01904296875,,14.028459135691325
252,258048,0.6305458333333334,-0.0023940973333083093,0.10122881922870874,0.3222829643636942,0.002632284456922207,0.0205078125,,14.082361086209614
253,259072,0.6413222222222221,-0.0036013599019497633,0.14949827082455158,0.2979562561959028,0.0012403474829625338,0.0263671875,,14.135482029120128
254,260096,0.6321847222222222,-0.002650894341059029,0.09879036759957671,0.30930330976843834,0.0026038754876935855,0.027587890625,,14.185165810585023
255,261120,0.6392,-0.0037173510645516217,0.12899006018415093,0.3774965386837721,0.004048732545925304,0.034423828125,,14.24193191130956
256,262144,0.6299013888888889,-0.0011599199497140944,0.1236953679472208,0.30896900594234467,0.0003224403189960867,0.017822265625,,14.295702509085338
257,263168,0.5899819444444444,-0.0024391127517446876,0.16858587227761745,0.3762467261403799,0.002746509671851527,0.014404296875,,14.350913484891256
258,264192,0.5911500000000001,-0.0036425768776098266,0.12751610996201634,0.37384509667754173,0.00835777403699467,0.064697265625,,14.404293628533681
259,265216,0.6054944444444444,-0.0011464938579592854,0.15340165793895721,0.3434193078428507,-0.00014990594354458153,0.0029296875,,14.458850268522898
260,266240,0.5905680555555556,-0.00024617675808258355,0.14460419956594706,0.32099685072898865,0.0020625066972570494,0.01171875,0.5829904513888888,14.510858396689096
261,267264,0.6035902777777777,-0.004511363978963345,0.11516335420310497,0.34046328999102116,0.002508102174033411,0.061767578125,,14.644458878040314
262,268288,0.6169055555555556,-0.0033345714036840945,0.1366010643541813,0.37651974707841873,0.004199697315925732,0.062255859375,,14.69853067000707
263,269312,0.6002597222222222,-0.0013012231647735462,0.1657035443931818,0.3395888414233923,0.0002770752034848556,0.022705078125,,14.749689022699991
264,270336,0.6090138888888889,-0.0016898926987778395,0.1294229137711227,0.29342401400208473,-0.001795411815692205,0.011962890625,,14.803931840260823
265,271360,0.6095652777777777,-0.0017246656061615795,0.1068740407936275,0.2973220171406865,0.003143124529742636,0.02197265625,,14.857623871167501
266,272384,0.6073222222222223,-0.002435547794448212,0.13225035928189754,0.3226442113518715,0.004314986741519533,0.03662109375,,14.908349915345509
267,273408,0.6017861111111111,-0.00174702174263075,0.11111889034509659,0.34725416637957096,0.007403961441013962,0.04443359375,,14.965733444690704
268,274432,0.5859680555555555,-0.0021228019322734326,0.19748458173125982,0.29089133627712727,0.003392322876607068,0.02783203125,,15.016716833909353
269,275456,0.6056902777777777,-0.0008651655371068045,0.1077967849560082,0.32122159376740456,0.0012326916112215258,0.00927734375,,15.069368370374043
270,276480,0.6182833333333333,-0.0029710996604990214,0.13669937662780285,0.31588179245591164,0.0011569589260034263,0.0205078125,,15.121916242440541
271,277504,0.6264916666666668,-0.0018999013118445873,0.1494607999920845,0.28652943577617407,0.0008552772924304008,0.011474609375,,15.173669139544169
272,278528,0.6129083333333335,-0.0023204820172395557,0.10609630774706602,0.33342249877750874,0.003171647622366436,0.025634765625,,15.22745859225591
273,279552,0.6053555555555555,-0.001209938753163442,0.15235182456672192,0.3823878075927496,0.003093531158810947,0.014892578125,,15.27886544863383
274,280576,0.5880152777777778,-0.0009022306185215712,0.18524392321705818,0.3393950331956148,0.0008506408412358724,0.0078125,,15.335811865329742
275,281600,0.5835833333333333,-0.002869737640139647,0.1910818088799715,0.30309469997882843,0.002760729446890764,0.018310546875,,15.386062979698181
276,282624,0.6003111111111111,-0.0020742486231029034,0.07959705637767911,0.32512783631682396,-0.0012438734120223671,0.0068359375,,15.439099776744843
277,283648,0.602525,-0.0025574179016985,0.09424339747056365,0.29373500123620033,0.0026597807445796207,0.019775390625,,15.490585672855378
278,284672,0.6190125000000001,-0.0016672250931151211,0.12217218335717916,0.3005806412547827,0.0011326955864205956,0.009765625,,15.53539193868637
279,285696,0.6046763888888889,-0.001185117187560536,0.08779398305341601,0.29354284703731537,0.0011149644269607961,0.010986328125,,15.585718997319539
280,286720,0.6028513888888889,-0.0017443985416321084,0.10159136541187763,0.31560749001801014,0.0017572185606695712,0.0146484375,0.5692122395833333,15.635551444689433
281,287744,0.6153958333333334,-0.0021613560238620266,0.10675557050853968,0.3144193645566702,0.0011371969885658473,0.02099609375,,15.770246827602387
282,288768,0.6382111111111111,-0.0014897633518557996,0.08730131387710571,0.2956427950412035,0.0017343291838187724,0.02880859375,,15.82449712753296
283,289792,0.6279680555555556,-0.0018996584403794259,0.10661679646000266,0.3395489379763603,0.004539636225672439,0.03173828125,,15.880706282456716
284,290816,0.6164569444444444,-0.0012028575147269294,0.17460684292018414,0.27785185258835554,0.0005572688896791078,0.003173828125,,15.932753411928813
285,291840,0.6110277777777778,-0.0032696957932785153,0.10935600940138102,0.3142522592097521,0.003037971517187543,0.032958984375,,15.980886526902516
286,292864,0.6392694444444443,-0.0015606055094394833,0.10261716321110725,0.2753032483160496,3.73433722415939e-05,0.005126953125,,16.028470373153688
287,293888,0.6410069444444444,-0.001679049659287557,0.09404186066240072,0.25877977535128593,0.0007646419107913971,0.010009765625,,16.079049956798553
288,294912,0.6201277777777777,-0.0013711796782445163,0.19526483956724405,0.26869646459817886,0.0009659135102992877,0.015380859375,,16.129164731502534
289,295936,0.626313888888889,-0.0010514854220673442,0.09614077070727944,0.3152608145028353,0.0020117503445362672,0.01123046875,,16.181453585624695
290,296960,0.6332041666666667,-0.0024793065385892987,0.1221893671900034,0.3005782701075077,0.0037713573838118464,0.017333984375,,16.236120641231537
291,297984,0.6221263888888888,-0.0010972378513542935,0.1282164305448532,0.3191594108939171,0.0029389900810201652,0.02099609375,,16.286738657951354
292,299008,0.6263,-0.00281190883833915,0.16184687335044146,0.30608488060534,0.0021107694192323834,0.024169921875,,16.340093318621317
293,300032,0.6266,-0.00037988630356267095,0.059413118520751595,0.29975290410220623,0.0011001413004123606,0.001708984375,,16.395138438542684
294,301056,0.6164333333333333,-0.0012132072006352246,0.1019962546415627,0.2761135399341583,-0.0007497028564102948,0.01416015625,,16.448706074555716
295,302080,0.6046986111111111,-0.0018552692199591547,0.13184711802750826,0.3406973034143448,0.0022770512441638857,0.016845703125,,16.49524616797765
296,303104,0.6133527777777777,-0.0015628174733137712,0.20614654943346977,0.3280100841075182,0.0018190066766692325,0.00537109375,,16.548672421773276
297,304128,0.6123583333333333,-0.0020782170176971704,0.11924751149490476,0.30344024673104286,0.0015493788378080353,0.014892578125,,16.602266053358715
298,305152,0.6063222222222222,-0.0012314815539866686,0.1300254943780601,0.3196874372661114,0.0020260193123249337,0.019287109375,,16.652269081274667
299,306176,0.6325861111111112,-0.001234391616890207,0.12603093963116407,0.32675694301724434,0.0008688194648129866,0.00927734375,,16.703806487719216
300,307200,0.6382180555555556,-0.0012596026645042002,0.1102365730330348,0.29205075092613697,0.00013105437392368913,0.012939453125,0.5904947916666667,16.7589791059494
301,308224,0.6133652777777778,-0.0016688993491698056,0.2044220818206668,0.30738902650773525,-0.00010142326937057078,0.0068359375,,16.887447333335878
302,309248,0.6232833333333333,-0.001456069148844108,0.0651765069924295,0.29423455335199833,0.0005254462012089789,0.021484375,,16.937796203295388
303,310272,0.6372305555555556,-0.0011868686560774222,0.10809382610023022,0.2830994576215744,0.0016861765616340563,0.014404296875,,16.99143406947454
304,311296,0.6157152777777778,-0.0028849053487647325,0.1220721616409719,0.286127551458776,0.004097383833141066,0.015380859375,,17.04130014975866
305,312320,0.6158625,-0.002039785380475223,0.08433974487707019,0.286026107147336,0.00040864868060452864,0.0048828125,,17.093887261549632
306,313344,0.61795,-0.001349402911728248,0.11566672148182988,0.29527024924755096,0.0031384051944769453,0.0107421875,,17.143370838960013
307,314368,0.6147875,-0.0011941673001274467,0.07637994247488678,0.2652411386370659,0.0015037323901196942,0.0048828125,,17.19694991906484
308,315392,0.6182125,-0.0016967469127848744,0.12860509753227234,0.26536598056554794,0.0019005523645319045,0.007080078125,,17.246972544987997
309,316416,0.6228805555555555,-0.002199149312218651,0.09393990086391568,0.3053293954581022,0.0037671869504265487,0.0126953125,,17.29878563483556
310,317440,0.6052347222222223,-0.004158884665230289,0.1519411290064454,0.26294492837041616,0.005050716077676043,0.030517578125,,17.349613269170124
311,318464,0.6171402777777779,-0.0014501254190690815,0.1366589730605483,0.287341995164752,0.0017066784639609978,0.01318359375,,17.404574239253996
312,319488,0.6363777777777778,-0.0009692732128314674,0.20244155917316675,0.2911133114248514,-0.0004194462890154682,0.0234375,,17.464871207873028
313,320512,0.6278736111111111,-0.0012787676532752812,0.06310944794677198,0.27549838460981846,0.0022754967721994035,0.0048828125,,17.52195086479187
314,321536,0.6205944444444444,-0.0023937468067742884,0.15803056815639138,0.3094980027526617,0.00019785287440754473,0.0107421875,,17.575789244969688
315,322560,0.617736111111111,-0.001108029711758718,0.11511392565444112,0.3045034520328045,0.00037858972427784465,0.02001953125,,17.62805648644765
316,323584,0.6244513888888888,-0.0018920256407000124,0.12442431366071105,0.2977185370400548,0.001932366649270989,0.014892578125,,17.680051215489705
317,324608,0.6289861111111111,-0.0001518012722954154,0.07953325612470508,0.23800897970795631,0.000248957599978894,0.0,,17.73286785284678
318,325632,0.6387,-0.0022777208941988647,0.08103254018351436,0.25975748524069786,0.001208997200592421,0.011474609375,,17.782952733834584
319,326656,0.6032611111111111,-0.001100622299418319,0.20637190341949463,0.28200666792690754,-0.0011971326894126832,0.01171875,,17.836075870196023
320,327680,0.6041694444444444,-0.00031240460521075875,0.09225105913355947,0.27528458647429943,0.000537023093784228,0.001220703125,0.5846354166666667,17.8908851424853
321,328704,0.6388527777777778,-0.0018602004274725914,0.13513456657528877,0.2966252639889717,0.0029358640167629346,0.01318359375,,18.02158459027608
322,329728,0.6284013888888889,-0.0016292389336740598,0.1584853483363986,0.28749129362404346,0.0017280759493587539,0.0078125,,18.076562786102294
323,330752,0.6043694444444444,-0.0014194716641213745,0.15835968451574445,0.30416496098041534,-0.00038154510548338294,0.014404296875,,18.131452600161236
324,331776,0.6191402777777778,-0.0023658401187276468,0.05674424977041781,0.30007279478013515,0.002873893652576953,0.015380859375,,18.18633881409963
325,332800,0.6246555555555555,-0.002025213121669367,0.11862286971881986,0.2740979567170143,0.0010975554469041526,0.018798828125,,18.237557148933412
326,333824,0.631688888888889,-0.0006798028334742412,0.12233040062710643,0.23859687242656946,0.00015317433280870318,0.00244140625,,18.29180716276169
327,334848,0.6096555555555555,-0.002628221351187676,0.1802893988788128,0.3238543812185526,0.0022817718563601375,0.025634765625,,18.3473642150561
328,335872,0.6084569444444443,-0.0033297024201601744,0.08809232106432319,0.30489243008196354,0.003706132061779499,0.027587890625,,18.4043927192688
329,336896,0.6270166666666666,-0.0015786767180543393,0.1493361946195364,0.358377056196332,0.0021243940282147378,0.01123046875,,18.46014235019684
330,337920,0.6358388888888888,-0.0008979457779787481,0.10390612995252013,0.2812558598816395,-0.0008800406358204782,0.00439453125,,18.509316035111745
331,338944,0.6074486111111111,-0.001125319002312608,0.17836462566629052,0.3136603645980358,0.0016020962939364836,0.00341796875,,18.562899454434714
332,339968,0.5956583333333334,-0.0007358287984970957,0.12807368161156774,0.2896350920200348,-0.0010725951797212474,0.0009765625,,18.618429478009542
333,340992,0.6292069444444445,-0.0011960186529904604,0.10810658521950245,0.30015869066119194,2.6607078325469047e-05,0.001953125,,18.67319485346476
334,342016,0.6570152777777778,-0.0012067646894138306,0.11099394224584103,0.2994161620736122,0.00020282498007873073,0.009765625,,18.727223149935405
335,343040,0.6394958333333333,-0.0018991788383573294,0.15184970945119858,0.27292325254529715,0.0007332167588174343,0.0078125,,18.781273027261097
336,344064,0.6123680555555556,-0.0006374573858920485,0.09001398691907525,0.29070468433201313,-0.0002952250142698176,0.006103515625,,18.83732086022695
337,345088,0.5998249999999999,-0.0003809620829997584,0.12955319415777922,0.2774060619994998,2.040925028268248e-05,0.001708984375,,18.89393341143926
338,346112,0.5998486111111112,-0.0035458391648717225,0.1764436550438404,0.31566583923995495,0.0012802397104678676,0.014404296875,,18.94842048883438
339,347136,0.6029472222222223,-0.0015471763035748154,0.10432929173111916,0.31780945882201195,0.0019965249521192163,0.0078125,,18.999433692296346
340,348160,0.6083263888888889,-0.0003880537115037441,0.10765634058043361,0.2939332574605942,0.0009585240186424926,0.001220703125,0.5768337673611111,19.05276909271876
341,349184,0.6247444444444444,-0.0006148955144453794,0.06314579281024635,0.27813013549894094,-0.0002384102117503062,0.00341796875,,19.18836493094762
342,350208,0.6263152777777777,-0.0023308131494559348,0.0885366010479629,0.3294082786887884,0.001454499000828946,0.011474609375,,19.242746317386626
343,351232,0.6121263888888888,-0.00035282608587294817,0.07466223416849971,0.3429180458188057,0.0010882275237236172,0.00244140625,,19.29259484211604
344,352256,0.618725,-0.0016294762317556888,0.0824466128833592,0.35197080858051777,0.002193310523580294,0.005859375,,19.34592367808024
345,353280,0.6074652777777778,-0.0010223447170574218,0.14339170837774873,0.28129107132554054,0.0025833597537712194,0.00830078125,,19.398845303058625
346,354304,0.6216902777777777,-0.0011399410432204604,0.10544933564960957,0.2592547917738557,-0.00034830119693651795,0.00830078125,,19.459746102492016
347,355328,0.620975,-0.003740625092177652,0.09377216408029199,0.2950991466641426,0.0016802946192910895,0.015625,,19.50982962846756
348,356352,0.6328125,-0.001868123101303354,0.07574699260294437,0.37234957702457905,0.002581027365522459,0.0087890625,,19.55872724056244
349,357376,0.6322416666666667,-0.0006678434547211509,0.17895931750535965,0.31664902344346046,0.00040370525675825775,0.000732421875,,19.604952494303387
350,358400,0.6298513888888889,-0.0005810017901239917,0.14326697262004018,0.30243623070418835,0.0016756422464823117,0.00390625,,19.65459039211273
351,359424,0.6252986111111111,-0.00021168982493691146,0.09721223777160048,0.32587503269314766,-0.00041925572440959513,0.0029296875,,19.706242887179055
352,360448,0.6202319444444444,-0.0009821728453971446,0.09721711650490761,0.3277547899633646,0.0003033083557966165,0.00146484375,,19.758423439661662
353,361472,0.61995,-0.0008610378718003631,0.16945462068542838,0.3349718600511551,-0.0011819919745903462,0.00732421875,,19.82038371562958
354,362496,0.6091180555555556,-0.0017087532323785126,0.13966721203178167,0.3455826975405216,0.002527776945498772,0.0146484375,,19.87109690507253
355,363520,0.633311111111111,-0.000941863254411146,0.1075214371085167,0.3285450451076031,-0.00023620053980266675,0.003173828125,,19.92277191480001
356,364544,0.6290027777777778,-0.0010722861479735002,0.09785041911527514,0.310804083943367,0.00046643159294035286,0.004638671875,,19.9748033285141
357,365568,0.6292291666666667,-0.002437177929095924,0.13713331520557404,0.3096629362553358,0.0020692154648713768,0.010009765625,,20.028613034884135
358,366592,0.6265305555555556,-0.000533380065462552,0.10053724329918623,0.3201836682856083,0.0005459457461256534,0.001708984375,,20.08139825661977
359,367616,0.6190930555555555,-0.0018748283619061112,0.11121278395876288,0.32770274206995964,0.0008211114618461579,0.011474609375,,20.136970802148184
360,368640,0.6196916666666666,-0.00042366396519355476,0.1763268392533064,0.29296993650496006,0.001196685596369207,0.0009765625,0.56248046875,20.189269296328227
361,369664,0.6060194444444443,-0.0005432437465060502,0.12209021346643567,0.2987498324364424,0.00019825743947876617,0.000732421875,,20.312745360533395
362,370688,0.6229486111111111,-0.0003201142972102389,0.13423846568912268,0.3129984773695469,0.0001454116136301309,0.000732421875,,20.365219008922576
363,371712,0.6097416666666666,-0.0006765910657122731,0.1157294106669724,0.29312372393906116,-0.00010416851728223264,0.001953125,,20.41549345254898
364,372736,0.6116708333333334,-0.0005854606279172003,0.1174456151202321,0.28866091556847095,0.0005214086704654619,0.0,,20.465019269784293
365,373760,0.6144444444444445,-0.0004930655413772911,0.13726732041686773,0.25974029302597046,0.00027176234289072454,0.001220703125,,20.5120862642924
366,374784,0.6182305555555555,-0.0004571768513415009,0.11135331634432077,0.28558623045682907,0.000264931695710402,0.0029296875,,20.566365238030752
367,375808,0.6298361111111112,-0.0018089033219439443,0.09864888759329915,0.3095587585121393,0.0010441934573464096,0.007080078125,,20.617155985037485
368,376832,0.6385583333333333,-0.0003065106284338981,0.1322469268925488,0.3086905758827925,-0.00015023253217805177,0.0,,20.673077694574992
369,377856,0.6315902777777778,-0.0002760017232503742,0.12167029641568661,0.32855756022036076,-3.825756721198559e-06,0.0,,20.723521860440574
370,378880,0.6195805555555556,-0.0006649927527178079,0.06804179237224162,0.3348816428333521,0.0002178345457650721,0.0009765625,,20.77899348338445
371,379904,0.6175597222222222,-0.003415075654629618,0.13856059359386563,0.3074551299214363,-0.00042826497519854456,0.021484375,,20.832104635238647
372,380928,0.6140458333333334,-0.0008863609982654452,0.0871695363894105,0.2988249808549881,8.067551243584603e-05,0.0009765625,,20.885838230450947
373,381952,0.6220916666666666,-0.0012434103700798005,0.11648176703602076,0.34614045917987823,0.0014192302623996511,0.0029296875,,20.943537537256876
374,382976,0.6186472222222222,-0.0001875330926850438,0.15234949719160795,0.2899299245327711,-0.00019586138660088181,0.0,,20.99319799741109
375,384000,0.6347069444444445,-0.0016650229808874428,0.1191314379684627,0.296845156699419,0.0006771330372430384,0.00341796875,,21.04208277463913
376,385024,0.6289305555555555,-0.0006816505556344055,0.10277084307745099,0.27808642480522394,5.536730168387294e-05,0.001220703125,,21.089432406425477
377,386048,0.6357138888888889,-0.0006814614462200552,0.12387872394174337,0.3171231709420681,0.0004522949529928155,0.001220703125,,21.13732300202052
378,387072,0.6257847222222221,-0.0004580159729812294,0.14676231890916824,0.2631304021924734,0.0005635436973534524,0.00048828125,,21.187679449717205
379,388096,0.6138750000000001,-0.0004823121998924762,0.10737845441326499,0.2966124378144741,-0.000566205766517669,0.0,,21.24182670513789
380,389120,0.6247486111111111,-0.00015019414422567934,0.09145207982510328,0.3023544866591692,0.00031468807719647884,0.0,0.565818142361111,21.297568623224894
381,390144,0.6257333333333334,-0.0003788105823332444,0.10815148195251822,0.29527901485562325,3.779794496949762e-05,0.000244140625,,21.420546940962474
382,391168,0.6133166666666667,-0.0008518666145391762,0.16792546678334475,0.29217042587697506,0.00010473193833604455,0.0009765625,,21.468736573060355
383,392192,0.6234569444444444,0.0002530644560465589,0.15111428778618574,0.2475880030542612,-0.0002784703392535448,0.0,,21.518618941307068
384,393216,0.6153499999999998,-0.00025323011504951864,0.1346063087694347,0.3024756424129009,-0.00017435136032872833,0.000244140625,,21.570594338575997
385,394240,0.6167472222222223,-0.0004067796398885548,0.15231336280703545,0.26220329385250807,0.0001296541595365852,0.0,,21.619678099950153
386,395264,0.6147597222222223,-0.0008200652519008145,0.13312073843553662,0.3258674740791321,0.0005437368818093091,0.0,,21.668600908915202
387,396288,0.6079194444444443,-0.0008006258867681026,0.11626295512542129,0.2695839023217559,0.0004202936543151736,0.001708984375,,21.719169441858927
388,397312,0.6183777777777777,-0.0002759642666205764,0.18088211305439472,0.26857333816587925,0.00015678188356105238,0.0,,21.773706344763436
389,398336,0.6147222222222223,-2.8181035304442048e-05,0.1649206643924117,0.2691632406786084,-4.3801614083349705e-05,0.0,,21.819251771767934
390,399360,0.5871625,-0.00026921325479634106,0.16400677058845758,0.3076004087924957,3.950706741306931e-05,0.0,,21.86620046297709
391,400384,0.6069055555555556,-0.00017155644309241325,0.12703128205612302,0.314874604344368,-0.0004479761264519766,0.0,,21.917899672190348
392,401408,0.6375777777777778,-0.00015281442028936,0.09589461144059896,0.31337109208106995,0.00023350221454165876,0.0,,21.968296511967978
393,402432,0.6366055555555555,-8.11730424175039e-05,0.12389573687687516,0.3075831886380911,1.667979813646525e-05,0.0,,22.015662173430126
394,403456,0.628763888888889,-0.0001615270011825487,0.10704691568389535,0.3047239501029253,7.758886931696907e-05,0.0,,22.068736612796783
395,404480,0.6249513888888889,-0.0006387439207173884,0.13322265865281224,0.3271731697022915,1.2395292287692428e-05,0.0,,22.118935056527455
396,405504,0.614525,-0.0003845956816803664,0.07231273595243692,0.2546602291986346,0.00015918508870527148,0.0,,22.170981164773305
397,406528,0.6053083333333332,-3.393471706658602e-05,0.14784427033737302,0.2881476217880845,0.0001307531347265467,0.0,,22.22504033644994
398,407552,0.6078583333333333,-4.9351510824635625e-05,0.15940369572490454,0.3353297784924507,3.648967685876414e-05,0.0,,22.27578897078832
399,408576,0.6348111111111111,-4.346428613644093e-05,0.09478831849992275,0.35270644165575504,1.6472215065732598e-05,0.0,,22.32962261835734
400,409600,0.6402722222222222,-4.6261935494840145e-05,0.11211674241349101,0.2999121882021427,3.092587576247752e-05,0.0,0.5762955729166667,22.37895899216334
